Page,URL
22,https://lawrato.com/indian-kanoon/ipc/section-140
27,https://lawrato.com/indian-kanoon/ipc/section-145
28,https://lawrato.com/indian-kanoon/ipc/section-146
29,https://lawrato.com/indian-kanoon/ipc/section-147
30,https://lawrato.com/indian-kanoon/ipc/section-148
31,https://lawrato.com/indian-kanoon/ipc/section-149
32,https://lawrato.com/indian-kanoon/ipc/section-150
33,https://lawrato.com/indian-kanoon/ipc/section-151
34,https://lawrato.com/indian-kanoon/ipc/section-152
35,https://lawrato.com/indian-kanoon/ipc/section-153
36,https://lawrato.com/indian-kanoon/ipc/section-153A
37,https://lawrato.com/indian-kanoon/ipc/section-153AA
38,https://lawrato.com/indian-kanoon/ipc/section-153B
39,https://lawrato.com/indian-kanoon/ipc/section-154
40,https://lawrato.com/indian-kanoon/ipc/section-155
41,https://lawrato.com/indian-kanoon/ipc/section-156
42,https://lawrato.com/indian-kanoon/ipc/section-157
43,https://lawrato.com/indian-kanoon/ipc/section-158
44,https://lawrato.com/indian-kanoon/ipc/section-159
45,https://lawrato.com/indian-kanoon/ipc/section-160
46,https://lawrato.com/indian-kanoon/ipc/section-161
47,https://lawrato.com/indian-kanoon/ipc/section-162
48,https://lawrato.com/indian-kanoon/ipc/section-163
49,https://lawrato.com/indian-kanoon/ipc/section-164
50,https://lawrato.com/indian-kanoon/ipc/section-165
51,https://lawrato.com/indian-kanoon/ipc/section-165A
52,https://lawrato.com/indian-kanoon/ipc/section-166
53,https://lawrato.com/indian-kanoon/ipc/section-166A
54,https://lawrato.com/indian-kanoon/ipc/section-166B
55,https://lawrato.com/indian-kanoon/ipc/section-167
56,https://lawrato.com/indian-kanoon/ipc/section-168
57,https://lawrato.com/indian-kanoon/ipc/section-169
58,https://lawrato.com/indian-kanoon/ipc/section-170
59,https://lawrato.com/indian-kanoon/ipc/section-171
60,https://lawrato.com/indian-kanoon/ipc/section-171A
61,https://lawrato.com/indian-kanoon/ipc/section-171B
62,https://lawrato.com/indian-kanoon/ipc/section-171C
63,https://lawrato.com/indian-kanoon/ipc/section-171D
64,https://lawrato.com/indian-kanoon/ipc/section-171E
65,https://lawrato.com/indian-kanoon/ipc/section-171F
66,https://lawrato.com/indian-kanoon/ipc/section-171G
67,https://lawrato.com/indian-kanoon/ipc/section-171H
68,https://lawrato.com/indian-kanoon/ipc/section-171I
69,https://lawrato.com/indian-kanoon/ipc/section-172
70,https://lawrato.com/indian-kanoon/ipc/section-173
71,https://lawrato.com/indian-kanoon/ipc/section-174
72,https://lawrato.com/indian-kanoon/ipc/section-174A
73,https://lawrato.com/indian-kanoon/ipc/section-175
74,https://lawrato.com/indian-kanoon/ipc/section-176
75,https://lawrato.com/indian-kanoon/ipc/section-177
76,https://lawrato.com/indian-kanoon/ipc/section-178
77,https://lawrato.com/indian-kanoon/ipc/section-179
78,https://lawrato.com/indian-kanoon/ipc/section-180
79,https://lawrato.com/indian-kanoon/ipc/section-181
80,https://lawrato.com/indian-kanoon/ipc/section-182
81,https://lawrato.com/indian-kanoon/ipc/section-183
82,https://lawrato.com/indian-kanoon/ipc/section-184
83,https://lawrato.com/indian-kanoon/ipc/section-185
84,https://lawrato.com/indian-kanoon/ipc/section-186
85,https://lawrato.com/indian-kanoon/ipc/section-187
86,https://lawrato.com/indian-kanoon/ipc/section-188
87,https://lawrato.com/indian-kanoon/ipc/section-189
88,https://lawrato.com/indian-kanoon/ipc/section-190
89,https://lawrato.com/indian-kanoon/ipc/section-191
90,https://lawrato.com/indian-kanoon/ipc/section-192
91,https://lawrato.com/indian-kanoon/ipc/section-193
92,https://lawrato.com/indian-kanoon/ipc/section-194
93,https://lawrato.com/indian-kanoon/ipc/section-195
94,https://lawrato.com/indian-kanoon/ipc/section-195A
95,https://lawrato.com/indian-kanoon/ipc/section-196
96,https://lawrato.com/indian-kanoon/ipc/section-197
97,https://lawrato.com/indian-kanoon/ipc/section-198
98,https://lawrato.com/indian-kanoon/ipc/section-199
99,https://lawrato.com/indian-kanoon/ipc/section-200
100,https://lawrato.com/indian-kanoon/ipc/section-201
101,https://lawrato.com/indian-kanoon/ipc/section-202
102,https://lawrato.com/indian-kanoon/ipc/section-203
103,https://lawrato.com/indian-kanoon/ipc/section-204
104,https://lawrato.com/indian-kanoon/ipc/section-205
105,https://lawrato.com/indian-kanoon/ipc/section-206
106,https://lawrato.com/indian-kanoon/ipc/section-207
107,https://lawrato.com/indian-kanoon/ipc/section-208
108,https://lawrato.com/indian-kanoon/ipc/section-209
109,https://lawrato.com/indian-kanoon/ipc/section-210
110,https://lawrato.com/indian-kanoon/ipc/section-211
111,https://lawrato.com/indian-kanoon/ipc/section-212
112,https://lawrato.com/indian-kanoon/ipc/section-213
113,https://lawrato.com/indian-kanoon/ipc/section-214
114,https://lawrato.com/indian-kanoon/ipc/section-215
115,https://lawrato.com/indian-kanoon/ipc/section-216
116,https://lawrato.com/indian-kanoon/ipc/section-216A
117,https://lawrato.com/indian-kanoon/ipc/section-216B
118,https://lawrato.com/indian-kanoon/ipc/section-217
119,https://lawrato.com/indian-kanoon/ipc/section-218
120,https://lawrato.com/indian-kanoon/ipc/section-219
121,https://lawrato.com/indian-kanoon/ipc/section-220
122,https://lawrato.com/indian-kanoon/ipc/section-221
123,https://lawrato.com/indian-kanoon/ipc/section-222
124,https://lawrato.com/indian-kanoon/ipc/section-223
125,https://lawrato.com/indian-kanoon/ipc/section-224
126,https://lawrato.com/indian-kanoon/ipc/section-225
127,https://lawrato.com/indian-kanoon/ipc/section-225A
128,https://lawrato.com/indian-kanoon/ipc/section-225B
129,https://lawrato.com/indian-kanoon/ipc/section-226
130,https://lawrato.com/indian-kanoon/ipc/section-227
131,https://lawrato.com/indian-kanoon/ipc/section-228
132,https://lawrato.com/indian-kanoon/ipc/section-228A
133,https://lawrato.com/indian-kanoon/ipc/section-229
134,https://lawrato.com/indian-kanoon/ipc/section-229A
135,https://lawrato.com/indian-kanoon/ipc/section-230
136,https://lawrato.com/indian-kanoon/ipc/section-231
137,https://lawrato.com/indian-kanoon/ipc/section-232
138,https://lawrato.com/indian-kanoon/ipc/section-233
139,https://lawrato.com/indian-kanoon/ipc/section-234
140,https://lawrato.com/indian-kanoon/ipc/section-235
141,https://lawrato.com/indian-kanoon/ipc/section-236
142,https://lawrato.com/indian-kanoon/ipc/section-237
143,https://lawrato.com/indian-kanoon/ipc/section-238
144,https://lawrato.com/indian-kanoon/ipc/section-239
145,https://lawrato.com/indian-kanoon/ipc/section-240
146,https://lawrato.com/indian-kanoon/ipc/section-241
147,https://lawrato.com/indian-kanoon/ipc/section-242
148,https://lawrato.com/indian-kanoon/ipc/section-243
149,https://lawrato.com/indian-kanoon/ipc/section-244
150,https://lawrato.com/indian-kanoon/ipc/section-245
151,https://lawrato.com/indian-kanoon/ipc/section-246
152,https://lawrato.com/indian-kanoon/ipc/section-247
153,https://lawrato.com/indian-kanoon/ipc/section-248
154,https://lawrato.com/indian-kanoon/ipc/section-249
155,https://lawrato.com/indian-kanoon/ipc/section-250
156,https://lawrato.com/indian-kanoon/ipc/section-251
157,https://lawrato.com/indian-kanoon/ipc/section-252
158,https://lawrato.com/indian-kanoon/ipc/section-253
159,https://lawrato.com/indian-kanoon/ipc/section-254
160,https://lawrato.com/indian-kanoon/ipc/section-255
161,https://lawrato.com/indian-kanoon/ipc/section-256
162,https://lawrato.com/indian-kanoon/ipc/section-257
163,https://lawrato.com/indian-kanoon/ipc/section-258
164,https://lawrato.com/indian-kanoon/ipc/section-259
165,https://lawrato.com/indian-kanoon/ipc/section-260
166,https://lawrato.com/indian-kanoon/ipc/section-261
167,https://lawrato.com/indian-kanoon/ipc/section-262
168,https://lawrato.com/indian-kanoon/ipc/section-263
169,https://lawrato.com/indian-kanoon/ipc/section-263A
170,https://lawrato.com/indian-kanoon/ipc/section-264
171,https://lawrato.com/indian-kanoon/ipc/section-265
172,https://lawrato.com/indian-kanoon/ipc/section-266
173,https://lawrato.com/indian-kanoon/ipc/section-267
174,https://lawrato.com/indian-kanoon/ipc/section-268
175,https://lawrato.com/indian-kanoon/ipc/section-269
176,https://lawrato.com/indian-kanoon/ipc/section-270
177,https://lawrato.com/indian-kanoon/ipc/section-271
178,https://lawrato.com/indian-kanoon/ipc/section-272
179,https://lawrato.com/indian-kanoon/ipc/section-273
180,https://lawrato.com/indian-kanoon/ipc/section-274
181,https://lawrato.com/indian-kanoon/ipc/section-275
182,https://lawrato.com/indian-kanoon/ipc/section-276
183,https://lawrato.com/indian-kanoon/ipc/section-277
184,https://lawrato.com/indian-kanoon/ipc/section-278
185,https://lawrato.com/indian-kanoon/ipc/section-279
186,https://lawrato.com/indian-kanoon/ipc/section-280
187,https://lawrato.com/indian-kanoon/ipc/section-281
188,https://lawrato.com/indian-kanoon/ipc/section-282
189,https://lawrato.com/indian-kanoon/ipc/section-283
190,https://lawrato.com/indian-kanoon/ipc/section-284
191,https://lawrato.com/indian-kanoon/ipc/section-285
192,https://lawrato.com/indian-kanoon/ipc/section-286
193,https://lawrato.com/indian-kanoon/ipc/section-287
194,https://lawrato.com/indian-kanoon/ipc/section-288
195,https://lawrato.com/indian-kanoon/ipc/section-289
196,https://lawrato.com/indian-kanoon/ipc/section-290
197,https://lawrato.com/indian-kanoon/ipc/section-291
198,https://lawrato.com/indian-kanoon/ipc/section-292
199,https://lawrato.com/indian-kanoon/ipc/section-293
200,https://lawrato.com/indian-kanoon/ipc/section-294
201,https://lawrato.com/indian-kanoon/ipc/section-294A
202,https://lawrato.com/indian-kanoon/ipc/section-295
203,https://lawrato.com/indian-kanoon/ipc/section-295A
204,https://lawrato.com/indian-kanoon/ipc/section-296
205,https://lawrato.com/indian-kanoon/ipc/section-297
206,https://lawrato.com/indian-kanoon/ipc/section-298
207,https://lawrato.com/indian-kanoon/ipc/section-299
208,https://lawrato.com/indian-kanoon/ipc/section-29A
209,https://lawrato.com/indian-kanoon/ipc/section-300
210,https://lawrato.com/indian-kanoon/ipc/section-301
211,https://lawrato.com/indian-kanoon/ipc/section-302
212,https://lawrato.com/indian-kanoon/ipc/section-303
213,https://lawrato.com/indian-kanoon/ipc/section-304
214,https://lawrato.com/indian-kanoon/ipc/section-304A
215,https://lawrato.com/indian-kanoon/ipc/section-304B
216,https://lawrato.com/indian-kanoon/ipc/section-305
217,https://lawrato.com/indian-kanoon/ipc/section-306
218,https://lawrato.com/indian-kanoon/ipc/section-307
219,https://lawrato.com/indian-kanoon/ipc/section-308
220,https://lawrato.com/indian-kanoon/ipc/section-309
221,https://lawrato.com/indian-kanoon/ipc/section-310
222,https://lawrato.com/indian-kanoon/ipc/section-311
223,https://lawrato.com/indian-kanoon/ipc/section-312
224,https://lawrato.com/indian-kanoon/ipc/section-313
225,https://lawrato.com/indian-kanoon/ipc/section-314
226,https://lawrato.com/indian-kanoon/ipc/section-315
227,https://lawrato.com/indian-kanoon/ipc/section-316
228,https://lawrato.com/indian-kanoon/ipc/section-317
229,https://lawrato.com/indian-kanoon/ipc/section-318
230,https://lawrato.com/indian-kanoon/ipc/section-319
231,https://lawrato.com/indian-kanoon/ipc/section-320
232,https://lawrato.com/indian-kanoon/ipc/section-321
233,https://lawrato.com/indian-kanoon/ipc/section-322
234,https://lawrato.com/indian-kanoon/ipc/section-323
235,https://lawrato.com/indian-kanoon/ipc/section-324
236,https://lawrato.com/indian-kanoon/ipc/section-325
237,https://lawrato.com/indian-kanoon/ipc/section-326
238,https://lawrato.com/indian-kanoon/ipc/section-326A
239,https://lawrato.com/indian-kanoon/ipc/section-326B
240,https://lawrato.com/indian-kanoon/ipc/section-327
241,https://lawrato.com/indian-kanoon/ipc/section-328
242,https://lawrato.com/indian-kanoon/ipc/section-329
243,https://lawrato.com/indian-kanoon/ipc/section-330
244,https://lawrato.com/indian-kanoon/ipc/section-331
245,https://lawrato.com/indian-kanoon/ipc/section-332
246,https://lawrato.com/indian-kanoon/ipc/section-333
247,https://lawrato.com/indian-kanoon/ipc/section-334
248,https://lawrato.com/indian-kanoon/ipc/section-335
249,https://lawrato.com/indian-kanoon/ipc/section-336
250,https://lawrato.com/indian-kanoon/ipc/section-337
251,https://lawrato.com/indian-kanoon/ipc/section-338
252,https://lawrato.com/indian-kanoon/ipc/section-339
253,https://lawrato.com/indian-kanoon/ipc/section-340
254,https://lawrato.com/indian-kanoon/ipc/section-341
255,https://lawrato.com/indian-kanoon/ipc/section-342
256,https://lawrato.com/indian-kanoon/ipc/section-343
257,https://lawrato.com/indian-kanoon/ipc/section-344
258,https://lawrato.com/indian-kanoon/ipc/section-345
259,https://lawrato.com/indian-kanoon/ipc/section-346
260,https://lawrato.com/indian-kanoon/ipc/section-347
261,https://lawrato.com/indian-kanoon/ipc/section-348
262,https://lawrato.com/indian-kanoon/ipc/section-349
263,https://lawrato.com/indian-kanoon/ipc/section-350
264,https://lawrato.com/indian-kanoon/ipc/section-351
265,https://lawrato.com/indian-kanoon/ipc/section-352
266,https://lawrato.com/indian-kanoon/ipc/section-353
267,https://lawrato.com/indian-kanoon/ipc/section-354
268,https://lawrato.com/indian-kanoon/ipc/section-354A
269,https://lawrato.com/indian-kanoon/ipc/section-354B
270,https://lawrato.com/indian-kanoon/ipc/section-354C
271,https://lawrato.com/indian-kanoon/ipc/section-354D
272,https://lawrato.com/indian-kanoon/ipc/section-355
273,https://lawrato.com/indian-kanoon/ipc/section-356
274,https://lawrato.com/indian-kanoon/ipc/section-357
275,https://lawrato.com/indian-kanoon/ipc/section-358
276,https://lawrato.com/indian-kanoon/ipc/section-359
277,https://lawrato.com/indian-kanoon/ipc/section-360
278,https://lawrato.com/indian-kanoon/ipc/section-361
279,https://lawrato.com/indian-kanoon/ipc/section-362
280,https://lawrato.com/indian-kanoon/ipc/section-363
281,https://lawrato.com/indian-kanoon/ipc/section-363A
282,https://lawrato.com/indian-kanoon/ipc/section-364
283,https://lawrato.com/indian-kanoon/ipc/section-364A
284,https://lawrato.com/indian-kanoon/ipc/section-365
285,https://lawrato.com/indian-kanoon/ipc/section-366
286,https://lawrato.com/indian-kanoon/ipc/section-366A
287,https://lawrato.com/indian-kanoon/ipc/section-366B
288,https://lawrato.com/indian-kanoon/ipc/section-367
289,https://lawrato.com/indian-kanoon/ipc/section-368
290,https://lawrato.com/indian-kanoon/ipc/section-369
291,https://lawrato.com/indian-kanoon/ipc/section-370
292,https://lawrato.com/indian-kanoon/ipc/section-370A
293,https://lawrato.com/indian-kanoon/ipc/section-371
294,https://lawrato.com/indian-kanoon/ipc/section-372
295,https://lawrato.com/indian-kanoon/ipc/section-373
296,https://lawrato.com/indian-kanoon/ipc/section-374
297,https://lawrato.com/indian-kanoon/ipc/section-375
298,https://lawrato.com/indian-kanoon/ipc/section-376
299,https://lawrato.com/indian-kanoon/ipc/section-376A
300,https://lawrato.com/indian-kanoon/ipc/section-376AB
301,https://lawrato.com/indian-kanoon/ipc/section-376B
302,https://lawrato.com/indian-kanoon/ipc/section-376C
303,https://lawrato.com/indian-kanoon/ipc/section-376D
304,https://lawrato.com/indian-kanoon/ipc/section-376DA
305,https://lawrato.com/indian-kanoon/ipc/section-376DB
306,https://lawrato.com/indian-kanoon/ipc/section-376E
307,https://lawrato.com/indian-kanoon/ipc/section-377
308,https://lawrato.com/indian-kanoon/ipc/section-378
309,https://lawrato.com/indian-kanoon/ipc/section-379
310,https://lawrato.com/indian-kanoon/ipc/section-380
311,https://lawrato.com/indian-kanoon/ipc/section-381
312,https://lawrato.com/indian-kanoon/ipc/section-382
313,https://lawrato.com/indian-kanoon/ipc/section-383
314,https://lawrato.com/indian-kanoon/ipc/section-384
315,https://lawrato.com/indian-kanoon/ipc/section-385
316,https://lawrato.com/indian-kanoon/ipc/section-386
317,https://lawrato.com/indian-kanoon/ipc/section-387
318,https://lawrato.com/indian-kanoon/ipc/section-388
319,https://lawrato.com/indian-kanoon/ipc/section-389
320,https://lawrato.com/indian-kanoon/ipc/section-390
321,https://lawrato.com/indian-kanoon/ipc/section-391
322,https://lawrato.com/indian-kanoon/ipc/section-392
323,https://lawrato.com/indian-kanoon/ipc/section-393
324,https://lawrato.com/indian-kanoon/ipc/section-394
325,https://lawrato.com/indian-kanoon/ipc/section-395
326,https://lawrato.com/indian-kanoon/ipc/section-396
327,https://lawrato.com/indian-kanoon/ipc/section-397
328,https://lawrato.com/indian-kanoon/ipc/section-398
329,https://lawrato.com/indian-kanoon/ipc/section-399
330,https://lawrato.com/indian-kanoon/ipc/section-400
331,https://lawrato.com/indian-kanoon/ipc/section-401
332,https://lawrato.com/indian-kanoon/ipc/section-402
333,https://lawrato.com/indian-kanoon/ipc/section-403
334,https://lawrato.com/indian-kanoon/ipc/section-404
335,https://lawrato.com/indian-kanoon/ipc/section-405
336,https://lawrato.com/indian-kanoon/ipc/section-406
337,https://lawrato.com/indian-kanoon/ipc/section-407
338,https://lawrato.com/indian-kanoon/ipc/section-408
339,https://lawrato.com/indian-kanoon/ipc/section-409
340,https://lawrato.com/indian-kanoon/ipc/section-410
341,https://lawrato.com/indian-kanoon/ipc/section-411
342,https://lawrato.com/indian-kanoon/ipc/section-412
343,https://lawrato.com/indian-kanoon/ipc/section-413
344,https://lawrato.com/indian-kanoon/ipc/section-414
345,https://lawrato.com/indian-kanoon/ipc/section-415
346,https://lawrato.com/indian-kanoon/ipc/section-416
347,https://lawrato.com/indian-kanoon/ipc/section-417
348,https://lawrato.com/indian-kanoon/ipc/section-418
349,https://lawrato.com/indian-kanoon/ipc/section-419
350,https://lawrato.com/indian-kanoon/ipc/section-420
351,https://lawrato.com/indian-kanoon/ipc/section-421
352,https://lawrato.com/indian-kanoon/ipc/section-422
353,https://lawrato.com/indian-kanoon/ipc/section-423
354,https://lawrato.com/indian-kanoon/ipc/section-424
355,https://lawrato.com/indian-kanoon/ipc/section-425
356,https://lawrato.com/indian-kanoon/ipc/section-426
357,https://lawrato.com/indian-kanoon/ipc/section-427
358,https://lawrato.com/indian-kanoon/ipc/section-428
359,https://lawrato.com/indian-kanoon/ipc/section-429
360,https://lawrato.com/indian-kanoon/ipc/section-430
361,https://lawrato.com/indian-kanoon/ipc/section-431
362,https://lawrato.com/indian-kanoon/ipc/section-432
363,https://lawrato.com/indian-kanoon/ipc/section-433
364,https://lawrato.com/indian-kanoon/ipc/section-434
365,https://lawrato.com/indian-kanoon/ipc/section-435
366,https://lawrato.com/indian-kanoon/ipc/section-436
367,https://lawrato.com/indian-kanoon/ipc/section-437
368,https://lawrato.com/indian-kanoon/ipc/section-438
369,https://lawrato.com/indian-kanoon/ipc/section-439
370,https://lawrato.com/indian-kanoon/ipc/section-440
371,https://lawrato.com/indian-kanoon/ipc/section-441
372,https://lawrato.com/indian-kanoon/ipc/section-442
373,https://lawrato.com/indian-kanoon/ipc/section-443
374,https://lawrato.com/indian-kanoon/ipc/section-444
375,https://lawrato.com/indian-kanoon/ipc/section-445
376,https://lawrato.com/indian-kanoon/ipc/section-446
377,https://lawrato.com/indian-kanoon/ipc/section-447
378,https://lawrato.com/indian-kanoon/ipc/section-448
379,https://lawrato.com/indian-kanoon/ipc/section-449
380,https://lawrato.com/indian-kanoon/ipc/section-450
381,https://lawrato.com/indian-kanoon/ipc/section-451
382,https://lawrato.com/indian-kanoon/ipc/section-452
383,https://lawrato.com/indian-kanoon/ipc/section-453
384,https://lawrato.com/indian-kanoon/ipc/section-454
385,https://lawrato.com/indian-kanoon/ipc/section-455
386,https://lawrato.com/indian-kanoon/ipc/section-456
387,https://lawrato.com/indian-kanoon/ipc/section-457
388,https://lawrato.com/indian-kanoon/ipc/section-458
389,https://lawrato.com/indian-kanoon/ipc/section-459
390,https://lawrato.com/indian-kanoon/ipc/section-460
391,https://lawrato.com/indian-kanoon/ipc/section-461
392,https://lawrato.com/indian-kanoon/ipc/section-462
393,https://lawrato.com/indian-kanoon/ipc/section-463
394,https://lawrato.com/indian-kanoon/ipc/section-464
395,https://lawrato.com/indian-kanoon/ipc/section-465
396,https://lawrato.com/indian-kanoon/ipc/section-466
397,https://lawrato.com/indian-kanoon/ipc/section-467
398,https://lawrato.com/indian-kanoon/ipc/section-468
399,https://lawrato.com/indian-kanoon/ipc/section-469
400,https://lawrato.com/indian-kanoon/ipc/section-470
401,https://lawrato.com/indian-kanoon/ipc/section-471
402,https://lawrato.com/indian-kanoon/ipc/section-472
403,https://lawrato.com/indian-kanoon/ipc/section-473
404,https://lawrato.com/indian-kanoon/ipc/section-474
405,https://lawrato.com/indian-kanoon/ipc/section-475
406,https://lawrato.com/indian-kanoon/ipc/section-476
407,https://lawrato.com/indian-kanoon/ipc/section-477
408,https://lawrato.com/indian-kanoon/ipc/section-477A
409,https://lawrato.com/indian-kanoon/ipc/section-478
410,https://lawrato.com/indian-kanoon/ipc/section-479
411,https://lawrato.com/indian-kanoon/ipc/section-480
412,https://lawrato.com/indian-kanoon/ipc/section-481
413,https://lawrato.com/indian-kanoon/ipc/section-482
414,https://lawrato.com/indian-kanoon/ipc/section-483
415,https://lawrato.com/indian-kanoon/ipc/section-484
416,https://lawrato.com/indian-kanoon/ipc/section-485
417,https://lawrato.com/indian-kanoon/ipc/section-486
418,https://lawrato.com/indian-kanoon/ipc/section-487
419,https://lawrato.com/indian-kanoon/ipc/section-488
420,https://lawrato.com/indian-kanoon/ipc/section-489
421,https://lawrato.com/indian-kanoon/ipc/section-489A
422,https://lawrato.com/indian-kanoon/ipc/section-489B
423,https://lawrato.com/indian-kanoon/ipc/section-489C
424,https://lawrato.com/indian-kanoon/ipc/section-489D
425,https://lawrato.com/indian-kanoon/ipc/section-489E
426,https://lawrato.com/indian-kanoon/ipc/section-490
427,https://lawrato.com/indian-kanoon/ipc/section-491
428,https://lawrato.com/indian-kanoon/ipc/section-492
429,https://lawrato.com/indian-kanoon/ipc/section-493
430,https://lawrato.com/indian-kanoon/ipc/section-494
431,https://lawrato.com/indian-kanoon/ipc/section-495
432,https://lawrato.com/indian-kanoon/ipc/section-496
433,https://lawrato.com/indian-kanoon/ipc/section-497
434,https://lawrato.com/indian-kanoon/ipc/section-498
435,https://lawrato.com/indian-kanoon/ipc/section-498A
436,https://lawrato.com/indian-kanoon/ipc/section-499
437,https://lawrato.com/indian-kanoon/ipc/section-500
438,https://lawrato.com/indian-kanoon/ipc/section-501
439,https://lawrato.com/indian-kanoon/ipc/section-502
440,https://lawrato.com/indian-kanoon/ipc/section-503
441,https://lawrato.com/indian-kanoon/ipc/section-504
442,https://lawrato.com/indian-kanoon/ipc/section-505
443,https://lawrato.com/indian-kanoon/ipc/section-506
444,https://lawrato.com/indian-kanoon/ipc/section-507
445,https://lawrato.com/indian-kanoon/ipc/section-508
446,https://lawrato.com/indian-kanoon/ipc/section-509
447,https://lawrato.com/indian-kanoon/ipc/section-510
448,https://lawrato.com/indian-kanoon/ipc/section-511
449,https://lawrato.com/indian-kanoon/ipc/section-
